<?xml version="1.0" encoding="UTF-8" standalone="no"?>
<Bundle SchemaVersion="5.0" IgnorableNamespaces="b4 b5" xmlns="http://schemas.microsoft.com/appx/2013/bundle" xmlns:b4="http://schemas.microsoft.com/appx/2018/bundle" xmlns:b5="http://schemas.microsoft.com/appx/2019/bundle">
	<Identity Name="AppUp.IntelTechnologyMDE" Publisher="CN=EB51A5DA-0E72-4863-82E4-EA21C1F8DFE3" Version="10.10.3783.0"/>
	<Packages>
		<Package Type="application" Version="10.10.3783.0" Architecture="x64" FileName="WebPhonePackaging_10.10.3783.0_x64.msix" Offset="69" Size="32724479">
			<Resources>
				<Resource Language="EN-US"/>
				<Resource Language="DE"/>
				<Resource Language="ES"/>
				<Resource Language="FR"/>
				<Resource Language="FR-CA"/>
				<Resource Language="IT"/>
				<Resource Language="JA"/>
				<Resource Language="KO"/>
				<Resource Language="PL"/>
				<Resource Language="PT-BR"/>
				<Resource Language="RU"/>
				<Resource Language="SV"/>
				<Resource Language="TR"/>
				<Resource Language="UK"/>
				<Resource Language="ZH-HANS"/>
				<Resource Language="ZH-HANT"/>
				<Resource Scale="100"/>
				<Resource Scale="200"/>
				<Resource Scale="400"/>
			</Resources>
			<b4:Dependencies>
				<b4:TargetDeviceFamily Name="Windows.Desktop" MinVersion="10.0.22621.0" MaxVersionTested="10.0.22621.0"/>
			</b4:Dependencies>
		</Package>
	</Packages>
</Bundle>
