﻿<?xml version="1.0" encoding="utf-8" standalone="yes"?>
<Package IgnorableNamespaces="uap uap2 uap3 uap5 uap13 mp rescap desktop desktop2 build" xmlns="http://schemas.microsoft.com/appx/manifest/foundation/windows10" xmlns:mp="http://schemas.microsoft.com/appx/2014/phone/manifest" xmlns:uap="http://schemas.microsoft.com/appx/manifest/uap/windows10" xmlns:uap2="http://schemas.microsoft.com/appx/manifest/uap/windows10/2" xmlns:uap3="http://schemas.microsoft.com/appx/manifest/uap/windows10/3" xmlns:uap4="http://schemas.microsoft.com/appx/manifest/uap/windows10/4" xmlns:uap5="http://schemas.microsoft.com/appx/manifest/uap/windows10/5" xmlns:uap13="http://schemas.microsoft.com/appx/manifest/uap/windows10/13" xmlns:rescap="http://schemas.microsoft.com/appx/manifest/foundation/windows10/restrictedcapabilities" xmlns:desktop="http://schemas.microsoft.com/appx/manifest/desktop/windows10" xmlns:desktop2="http://schemas.microsoft.com/appx/manifest/desktop/windows10/2" xmlns:build="http://schemas.microsoft.com/developer/appx/2015/build">
  <Identity Name="AppUp.IntelTechnologyMDE" Publisher="CN=EB51A5DA-0E72-4863-82E4-EA21C1F8DFE3" Version="10.10.3783.0" ProcessorArchitecture="x64" />
  <mp:PhoneIdentity PhoneProductId="a17a7ffd-6f27-412c-a73f-e7dbe06a4624" PhonePublisherId="23e458a8-e154-446a-b6d3-4cb83ca99f8d" />
  <Properties>
    <DisplayName>ms-resource:WebphoneSession/Resources/ProductName</DisplayName>
    <PublisherDisplayName>INTEL CORP</PublisherDisplayName>
    <Logo>Assets\StoreLogo.png</Logo>
  </Properties>
  <Dependencies>
    <TargetDeviceFamily Name="Windows.Desktop" MinVersion="10.0.19045.2965" MaxVersionTested="10.0.22621.0" />
    <PackageDependency Name="Microsoft.VCLibs.140.00.UWPDesktop" MinVersion="14.0.24217.0" Publisher="CN=Microsoft Corporation, O=Microsoft Corporation, L=Redmond, S=Washington, C=US" />
    <PackageDependency Name="Microsoft.NET.Native.Framework.2.2" MinVersion="2.2.29512.0" Publisher="CN=Microsoft Corporation, O=Microsoft Corporation, L=Redmond, S=Washington, C=US" />
    <PackageDependency Name="Microsoft.NET.Native.Runtime.2.2" MinVersion="2.2.28604.0" Publisher="CN=Microsoft Corporation, O=Microsoft Corporation, L=Redmond, S=Washington, C=US" />
    <PackageDependency Name="Microsoft.VCLibs.140.00" MinVersion="14.0.30704.0" Publisher="CN=Microsoft Corporation, O=Microsoft Corporation, L=Redmond, S=Washington, C=US" />
  </Dependencies>
  <Resources>
    <Resource Language="EN-US" />
    <Resource Language="DE" />
    <Resource Language="ES" />
    <Resource Language="FR" />
    <Resource Language="FR-CA" />
    <Resource Language="IT" />
    <Resource Language="JA" />
    <Resource Language="KO" />
    <Resource Language="PL" />
    <Resource Language="PT-BR" />
    <Resource Language="RU" />
    <Resource Language="SV" />
    <Resource Language="TR" />
    <Resource Language="UK" />
    <Resource Language="ZH-HANS" />
    <Resource Language="ZH-HANT" />
    <Resource uap:Scale="100" />
    <Resource uap:Scale="200" />
    <Resource uap:Scale="400" />
  </Resources>
  <Applications>
    <Application Id="App" Executable="IntelUnison.exe" EntryPoint="IntelUnison.App">
      <uap:VisualElements DisplayName="ms-resource:WebphoneSession/Resources/ProductName" Square150x150Logo="Assets\Square150x150Logo.png" Square44x44Logo="Assets\Square44x44Logo.png" Description="ms-resource:WebphoneSession/Resources/ProductName" BackgroundColor="transparent">
        <uap:DefaultTile Wide310x150Logo="Assets\Wide310x150Logo.png" />
        <uap:SplashScreen Image="Assets\SplashScreen.png" BackgroundColor="#0054AE" xmlns:uap5.Optional="true" />
      </uap:VisualElements>
      <Extensions>
        <Extension Category="windows.backgroundTasks" EntryPoint="ObexWrapper.BackgroundTasks.SdpAdvertiseTask">
          <BackgroundTasks>
            <Task Type="bluetooth" />
          </BackgroundTasks>
        </Extension>
        <Extension Category="windows.backgroundTasks" ResourceGroup="BackgroundWork" EntryPoint="BackgroundWork.Tasks.BackgroundTask">
          <BackgroundTasks>
            <Task Type="systemEvent" />
          </BackgroundTasks>
        </Extension>
        <Extension Category="windows.backgroundTasks" ResourceGroup="BackgroundWork" EntryPoint="BackgroundWork.Tasks.PhoneTask">
          <BackgroundTasks>
            <uap:Task Type="phoneCall" />
          </BackgroundTasks>
        </Extension>
        <uap:Extension Category="windows.protocol">
          <uap:Protocol Name="intelunison" />
        </uap:Extension>
        <uap:Extension Category="windows.protocol">
          <uap:Protocol Name="dial" />
        </uap:Extension>
        <uap:Extension Category="windows.appService">
          <uap:AppService Name="screenovate.WebPhone.pipeappservice" />
        </uap:Extension>
        <uap:Extension Category="windows.appService">
          <uap:AppService Name="screenovate.WebPhone.lcappservice" />
        </uap:Extension>
        <uap:Extension Category="windows.appService" ResourceGroup="BackgroundWork" EntryPoint="BackgroundWork.Tasks.AppServiceTask">
          <uap:AppService Name="screenovate.WebPhone.bgappservice" />
        </uap:Extension>
        <uap:Extension Category="windows.appService" ResourceGroup="BackgroundWork" EntryPoint="BackgroundWork.Tasks.BackgroundTask">
          <uap:AppService Name="screenovate.WebPhone.starttrigger" />
        </uap:Extension>
        <uap:Extension Category="windows.shareTarget">
          <uap:ShareTarget Description="ms-resource:WebphoneSession/Resources/ProductName">
            <uap:SupportedFileTypes>
              <uap:SupportsAnyFileType />
            </uap:SupportedFileTypes>
            <uap:DataFormat>StorageItems</uap:DataFormat>
          </uap:ShareTarget>
        </uap:Extension>
        <desktop:Extension Category="windows.fullTrustProcess" Executable="app\IntelUnisonClient.exe">
          <desktop:FullTrustProcess>
            <desktop:ParameterGroup GroupId="startup" Parameters="/startup" />
            <desktop:ParameterGroup GroupId="quit" Parameters="/quit" />
            <desktop:ParameterGroup GroupId="preinstall" Parameters="/preinstall" />
            <desktop:ParameterGroup GroupId="remove_old_drivers" Parameters="/remove_old_drivers" />
          </desktop:FullTrustProcess>
        </desktop:Extension>
        <uap3:Extension Category="windows.appExecutionAlias" Executable="app\IntelUnisonClient.exe" EntryPoint="Windows.FullTrustApplication">
          <uap3:AppExecutionAlias>
            <desktop:ExecutionAlias Alias="IntelUnisonClientDesktop.exe" />
          </uap3:AppExecutionAlias>
        </uap3:Extension>
        <uap13:Extension Category="windows.phoneCallActivation" />
      </Extensions>
      <uap:ApplicationContentUriRules>
        <uap:Rule Match="https://devicelink.intel.com" Type="include" WindowsRuntimeAccess="allowForWebOnly" />
        <uap:Rule Match="https://devicelink.intel.cn" Type="include" WindowsRuntimeAccess="allowForWebOnly" />
      </uap:ApplicationContentUriRules>
    </Application>
  </Applications>
  <Capabilities>
    <Capability Name="internetClient" />
    <Capability Name="privateNetworkClientServer" />
    <uap:Capability Name="phoneCall" />
    <uap:Capability Name="userAccountInformation" />
    <uap2:Capability Name="phoneCallHistoryPublic" />
    <rescap:Capability Name="extendedExecutionUnconstrained" />
    <rescap:Capability Name="confirmAppClose" />
    <rescap:Capability Name="extendedBackgroundTaskTime" />
    <rescap:Capability Name="broadFileSystemAccess" />
    <rescap:Capability Name="runFullTrust" />
    <rescap:Capability Name="phoneLineTransportManagement" />
    <rescap:Capability Name="phoneCallSystem" />
    <rescap:Capability Name="phoneCallHistory" />
    <rescap:Capability Name="phoneCallHistorySystem" />
    <DeviceCapability Name="bluetooth" />
    <DeviceCapability Name="wiFiControl" />
  </Capabilities>
  <Extensions>
    <desktop2:Extension Category="windows.firewallRules">
      <desktop2:FirewallRules Executable="IntelUnison.exe">
        <desktop2:Rule Direction="in" IPProtocol="TCP" Profile="all" />
        <desktop2:Rule Direction="in" IPProtocol="UDP" Profile="all" />
      </desktop2:FirewallRules>
    </desktop2:Extension>
    <Extension Category="windows.certificates">
      <Certificates>
        <Certificate StoreName="root" Content="TrustedCertificates\Analytics.cer" />
        <Certificate StoreName="root" Content="TrustedCertificates\Prod.cer" />
        <Certificate StoreName="root" Content="TrustedCertificates\WNS.cer" />
        <Certificate StoreName="root" Content="TrustedCertificates\WnsHub.cer" />
        <Certificate StoreName="root" Content="TrustedCertificates\AmazonRootCA1.cer" />
        <Certificate StoreName="root" Content="TrustedCertificates\AmazonRootCA2.cer" />
        <Certificate StoreName="root" Content="TrustedCertificates\AmazonRootCA3.cer" />
        <Certificate StoreName="root" Content="TrustedCertificates\AmazonRootCA4.cer" />
        <Certificate StoreName="root" Content="TrustedCertificates\StarfieldRootCA.cer" />
        <TrustFlags ExclusiveTrust="true" />
      </Certificates>
    </Extension>
    <Extension Category="windows.activatableClass.inProcessServer">
      <InProcessServer>
        <Path>BluetoothWrapper.dll</Path>
        <ActivatableClass ActivatableClassId="Screenovate.BluetoothWrapper.BluetoothLEDeviceWrapper" ThreadingModel="both" />
        <ActivatableClass ActivatableClassId="Screenovate.BluetoothWrapper.BluetoothDeviceWrapper" ThreadingModel="both" />
      </InProcessServer>
    </Extension>
    <Extension Category="windows.activatableClass.inProcessServer">
      <InProcessServer>
        <Path>IddClient.dll</Path>
        <ActivatableClass ActivatableClassId="IddClient.IddLoader" ThreadingModel="both" />
        <ActivatableClass ActivatableClassId="IddClient.IddUser" ThreadingModel="both" />
      </InProcessServer>
    </Extension>
    <Extension Category="windows.activatableClass.inProcessServer">
      <InProcessServer>
        <Path>Microsoft.Scripting.dll</Path>
        <ActivatableClass ActivatableClassId="Microsoft.Scripting.JavaScript.JavaScriptRuntimeSettings" ThreadingModel="both" />
        <ActivatableClass ActivatableClassId="Microsoft.Scripting.JavaScript.JavaScriptRuntime" ThreadingModel="both" />
        <ActivatableClass ActivatableClassId="Microsoft.Scripting.ScriptSource" ThreadingModel="both" />
      </InProcessServer>
    </Extension>
    <Extension Category="windows.activatableClass.inProcessServer">
      <InProcessServer>
        <Path>IntelUnison.dll</Path>
        <ActivatableClass ActivatableClassId="AlternatePushChannel.Library.PushSubscription" ThreadingModel="both" />
        <ActivatableClass ActivatableClassId="AlternatePushChannel.Library.PushSubscriptionKeys" ThreadingModel="both" />
        <ActivatableClass ActivatableClassId="AlternatePushChannel.Library.PushManager" ThreadingModel="both" />
        <ActivatableClass ActivatableClassId="BackgroundWork.Settings.BackgroundStateSettings" ThreadingModel="both" />
        <ActivatableClass ActivatableClassId="BackgroundWork.Constants" ThreadingModel="both" />
        <ActivatableClass ActivatableClassId="BackgroundWork.Tasks.PreinstallTask" ThreadingModel="both" />
        <ActivatableClass ActivatableClassId="BackgroundWork.Tasks.BackgroundTask" ThreadingModel="both" />
        <ActivatableClass ActivatableClassId="BackgroundWork.Tasks.PhoneTask" ThreadingModel="both" />
        <ActivatableClass ActivatableClassId="BackgroundWork.Tasks.AppServiceTask" ThreadingModel="both" />
        <ActivatableClass ActivatableClassId="Screenovate.InputWrapper.UwpHIDDeviceClient" ThreadingModel="both" />
        <ActivatableClass ActivatableClassId="WebphoneBtPwa.Handsfree.CallExArgs" ThreadingModel="both" />
        <ActivatableClass ActivatableClassId="WebphoneBtPwa.Handsfree.HandsfreeServiceWrapper" ThreadingModel="both" />
        <ActivatableClass ActivatableClassId="WebphoneBtPwa.WebObjects.Drivers.DriverVerifier" ThreadingModel="both" />
        <ActivatableClass ActivatableClassId="WebphoneBtPwa.WebObjects.Drivers.DriverUpdater" ThreadingModel="both" />
        <ActivatableClass ActivatableClassId="WebphoneBtPwa.WebObjects.Connectivity.RadioStateProvider" ThreadingModel="both" />
        <ActivatableClass ActivatableClassId="WebphoneBtPwa.WebObjects.Bluetooth.BtDiscovery" ThreadingModel="both" />
        <ActivatableClass ActivatableClassId="WebphoneBtPwa.WebObjects.Bluetooth.BtAdapterInfoProvider" ThreadingModel="both" />
        <ActivatableClass ActivatableClassId="WebphoneBtPwa.WebObjects.Bluetooth.BtUtilsWrapper" ThreadingModel="both" />
        <ActivatableClass ActivatableClassId="WebphoneBtPwa.WebObjects.Pairing.BtPairingManagerWrapper" ThreadingModel="both" />
        <ActivatableClass ActivatableClassId="WebphoneBtPwa.WebObjects.Pairing.Model.PairingDeviceInfoUwp" ThreadingModel="both" />
        <ActivatableClass ActivatableClassId="WebphoneBtPwa.WebObjects.Input.InputCapturingWrapper" ThreadingModel="both" />
        <ActivatableClass ActivatableClassId="WebphoneBtPwa.WebObjects.Input.InputContextWrapper" ThreadingModel="both" />
        <ActivatableClass ActivatableClassId="WebphoneBtPwa.WebObjects.Input.InputSendingWrapper" ThreadingModel="both" />
        <ActivatableClass ActivatableClassId="WebphoneBtPwa.WebObjects.Input.HidServiceWrapper" ThreadingModel="both" />
        <ActivatableClass ActivatableClassId="WebphoneBtPwa.WebObjects.BtConnectionService" ThreadingModel="both" />
        <ActivatableClass ActivatableClassId="WebphoneBtPwa.WebObjects.DeviceInfoWrapper" ThreadingModel="both" />
        <ActivatableClass ActivatableClassId="WebphoneBtPwa.WebObjects.ConnectionPolicy" ThreadingModel="both" />
        <ActivatableClass ActivatableClassId="WebphoneBtPwa.WebObjects.DeviceInfoProvider" ThreadingModel="both" />
        <ActivatableClass ActivatableClassId="WebphoneBtPwa.WebObjects.BtConnectionMonitor" ThreadingModel="both" />
        <ActivatableClass ActivatableClassId="WebphoneBtPwa.WebObjects.GenericRfcommService" ThreadingModel="both" />
        <ActivatableClass ActivatableClassId="WebphoneBtPwa.WebObjects.Ble.PingGattServiceWrapper" ThreadingModel="both" />
        <ActivatableClass ActivatableClassId="WebphoneBtPwa.WebObjects.Ble.Model.AncsNotificationUwp" ThreadingModel="both" />
        <ActivatableClass ActivatableClassId="WebphoneBtPwa.WebObjects.Ble.BleConnectionManagerWrapper" ThreadingModel="both" />
        <ActivatableClass ActivatableClassId="WebphoneBtPwa.WebObjects.Ble.BleInfoProvider" ThreadingModel="both" />
        <ActivatableClass ActivatableClassId="WebphoneBtPwa.WebObjects.Ble.AncsGattServiceWrapper" ThreadingModel="both" />
        <ActivatableClass ActivatableClassId="WebphoneBtPwa.Obex.model.sms.MessageShiftEventArgs" ThreadingModel="both" />
        <ActivatableClass ActivatableClassId="WebphoneBtPwa.Obex.model.sms.SmsConversationUwp" ThreadingModel="both" />
        <ActivatableClass ActivatableClassId="WebphoneBtPwa.Obex.model.sms.SmsMessageUwp" ThreadingModel="both" />
        <ActivatableClass ActivatableClassId="WebphoneBtPwa.Obex.model.sms.MessageSendStatusChangedArgs" ThreadingModel="both" />
        <ActivatableClass ActivatableClassId="WebphoneBtPwa.Obex.model.phonebook.ContactUwp" ThreadingModel="both" />
        <ActivatableClass ActivatableClassId="WebphoneBtPwa.Obex.model.phonebook.ContactEntryUwp" ThreadingModel="both" />
        <ActivatableClass ActivatableClassId="WebphoneBtPwa.Obex.ObexPhonebookServiceWrapper" ThreadingModel="both" />
        <ActivatableClass ActivatableClassId="WebphoneBtPwa.Obex.ObexSmsServiceWrapper" ThreadingModel="both" />
        <ActivatableClass ActivatableClassId="WebphoneBtPwa.LoggerInitializer" ThreadingModel="both" />
        <ActivatableClass ActivatableClassId="WebphonePwa.UiUtils" ThreadingModel="both" />
        <ActivatableClass ActivatableClassId="WebphonePwa.PushSubscription" ThreadingModel="both" />
        <ActivatableClass ActivatableClassId="WebphonePwa.Webphone" ThreadingModel="both" />
        <ActivatableClass ActivatableClassId="WebphonePwa.WnsPushManagerFactory" ThreadingModel="both" />
        <ActivatableClass ActivatableClassId="WebphonePwa.ExternalAppCommunication.ExternalAppServiceRequestHandler" ThreadingModel="both" />
        <ActivatableClass ActivatableClassId="WebphonePwa.WebObjects.Networking.WifiController" ThreadingModel="both" />
        <ActivatableClass ActivatableClassId="WebphonePwa.WebObjects.Networking.XMLHttpRequest" ThreadingModel="both" />
        <ActivatableClass ActivatableClassId="WebphonePwa.WebObjects.Networking.MessageEventData" ThreadingModel="both" />
        <ActivatableClass ActivatableClassId="WebphonePwa.WebObjects.Networking.GeoLocationResult" ThreadingModel="both" />
        <ActivatableClass ActivatableClassId="WebphonePwa.WebObjects.Networking.DomainQueryResult" ThreadingModel="both" />
        <ActivatableClass ActivatableClassId="WebphonePwa.WebObjects.Networking.GeoLocationResultProvider" ThreadingModel="both" />
        <ActivatableClass ActivatableClassId="WebphonePwa.WebObjects.Networking.CookieLogger" ThreadingModel="both" />
        <ActivatableClass ActivatableClassId="WebphonePwa.WebObjects.Networking.WebSocket" ThreadingModel="both" />
        <ActivatableClass ActivatableClassId="WebphonePwa.WebObjects.InternetConnectivityInfoProvider" ThreadingModel="both" />
        <ActivatableClass ActivatableClassId="WebphonePwa.WebObjects.Container.ContainerInputListener" ThreadingModel="both" />
        <ActivatableClass ActivatableClassId="WebphonePwa.WebObjects.Container.ContainerDragOutHandler" ThreadingModel="both" />
        <ActivatableClass ActivatableClassId="WebphonePwa.WebObjects.Container.ContainerDropHandler" ThreadingModel="both" />
        <ActivatableClass ActivatableClassId="WebphonePwa.WebObjects.InternetConnectedListener" ThreadingModel="both" />
        <ActivatableClass ActivatableClassId="WebphonePwa.WebObjects.ActiveDeviceIndicator" ThreadingModel="both" />
        <ActivatableClass ActivatableClassId="WebphonePwa.WebObjects.RegistryWrapper" ThreadingModel="both" />
        <ActivatableClass ActivatableClassId="WebphonePwa.WebObjects.ExternalAppCommunication.ExternalShareProvider" ThreadingModel="both" />
        <ActivatableClass ActivatableClassId="WebphonePwa.WebObjects.ExternalAppCommunication.ShareOperationDelegator" ThreadingModel="both" />
        <ActivatableClass ActivatableClassId="WebphonePwa.WebObjects.ExternalAppCommunication.ExternalAppServiceDelegator" ThreadingModel="both" />
        <ActivatableClass ActivatableClassId="WebphonePwa.WebObjects.NetworkInformationWrapper" ThreadingModel="both" />
        <ActivatableClass ActivatableClassId="WebphonePwa.WebObjects.Crypto.KeyPersister" ThreadingModel="both" />
        <ActivatableClass ActivatableClassId="WebphonePwa.WebObjects.Crypto.KeyStore" ThreadingModel="both" />
        <ActivatableClass ActivatableClassId="WebphonePwa.WebObjects.Crypto.CryptoProvider" ThreadingModel="both" />
        <ActivatableClass ActivatableClassId="WebphonePwa.WebObjects.Crypto.Decryptor" ThreadingModel="both" />
        <ActivatableClass ActivatableClassId="WebphonePwa.WebObjects.ToastActivator" ThreadingModel="both" />
        <ActivatableClass ActivatableClassId="WebphonePwa.WebObjects.NetworkInformationProvider" ThreadingModel="both" />
        <ActivatableClass ActivatableClassId="WebphonePwa.WebObjects.GenericToastCreator" ThreadingModel="both" />
        <ActivatableClass ActivatableClassId="WebphonePwa.WebObjects.Clipboard.ClipboardProvider" ThreadingModel="both" />
        <ActivatableClass ActivatableClassId="WebphonePwa.WebObjects.Clipboard.ClipboardReader" ThreadingModel="both" />
        <ActivatableClass ActivatableClassId="WebphonePwa.WebObjects.Clipboard.ClipboardWriterProxy" ThreadingModel="both" />
        <ActivatableClass ActivatableClassId="WebphonePwa.WebObjects.Push.PushNotification" ThreadingModel="both" />
        <ActivatableClass ActivatableClassId="WebphonePwa.WebObjects.Push.NotificationAction" ThreadingModel="both" />
        <ActivatableClass ActivatableClassId="WebphonePwa.WebObjects.Push.PushNotificationDataPair" ThreadingModel="both" />
        <ActivatableClass ActivatableClassId="WebphonePwa.WebObjects.Push.PushNotificationDataHandler" ThreadingModel="both" />
        <ActivatableClass ActivatableClassId="WebphonePwa.WebObjects.LogWrapper" ThreadingModel="both" />
        <ActivatableClass ActivatableClassId="WebphonePwa.WebObjects.OS.FocusAssistStateProvider" ThreadingModel="both" />
        <ActivatableClass ActivatableClassId="WebphonePwa.WebObjects.OS.FocusAssistArgs" ThreadingModel="both" />
        <ActivatableClass ActivatableClassId="WebphonePwa.WebObjects.OS.AudioStateNotifier" ThreadingModel="both" />
        <ActivatableClass ActivatableClassId="WebphonePwa.WebObjects.OS.SystemThemeProvider" ThreadingModel="both" />
        <ActivatableClass ActivatableClassId="WebphonePwa.WebObjects.OS.SystemEventNotifier" ThreadingModel="both" />
        <ActivatableClass ActivatableClassId="WebphonePwa.WebObjects.Config.ShouldChangeFeatureStateArgs" ThreadingModel="both" />
        <ActivatableClass ActivatableClassId="WebphonePwa.WebObjects.Config.SettingsUpdater" ThreadingModel="both" />
        <ActivatableClass ActivatableClassId="WebphonePwa.WebObjects.Config.SupportedFeaturesProvider" ThreadingModel="both" />
        <ActivatableClass ActivatableClassId="WebphonePwa.WebObjects.Config.ExternalConfig" ThreadingModel="both" />
        <ActivatableClass ActivatableClassId="WebphonePwa.WebObjects.RpcLayer.Serialization.Entities.Response" ThreadingModel="both" />
        <ActivatableClass ActivatableClassId="WebphonePwa.WebObjects.RpcLayer.Serialization.Entities.Closed" ThreadingModel="both" />
        <ActivatableClass ActivatableClassId="WebphonePwa.WebObjects.RpcLayer.Serialization.Entities.Request" ThreadingModel="both" />
        <ActivatableClass ActivatableClassId="WebphonePwa.WebObjects.RpcLayer.Serialization.Entities.Message" ThreadingModel="both" />
        <ActivatableClass ActivatableClassId="WebphonePwa.WebObjects.RpcLayer.Serialization.DeserializationResponse" ThreadingModel="both" />
        <ActivatableClass ActivatableClassId="WebphonePwa.WebObjects.RpcLayer.Serialization.Serialization" ThreadingModel="both" />
        <ActivatableClass ActivatableClassId="WebphonePwa.WebObjects.RpcLayer.RpcTransport.PwaPeerTransport" ThreadingModel="both" />
        <ActivatableClass ActivatableClassId="WebphonePwa.WebObjects.ObjectsSubFactory" ThreadingModel="both" />
        <ActivatableClass ActivatableClassId="WebphonePwa.WebObjects.AnalyticsEnvironmentProvider" ThreadingModel="both" />
        <ActivatableClass ActivatableClassId="WebphonePwa.WebObjects.LocalCache.CacheItem" ThreadingModel="both" />
        <ActivatableClass ActivatableClassId="WebphonePwa.WebObjects.LocalCache.LocalCache" ThreadingModel="both" />
        <ActivatableClass ActivatableClassId="WebphonePwa.WebObjects.LocalCache.AllocatedCache" ThreadingModel="both" />
        <ActivatableClass ActivatableClassId="WebphonePwa.WebObjects.ExternalDevices.ExtendedDisplayDriverController" ThreadingModel="both" />
        <ActivatableClass ActivatableClassId="WebphonePwa.WebObjects.ExternalDevices.ExtendedDisplayServiceState" ThreadingModel="both" />
        <ActivatableClass ActivatableClassId="WebphonePwa.WebObjects.ExternalDevices.ExtendedDisplayServiceVersion" ThreadingModel="both" />
        <ActivatableClass ActivatableClassId="WebphonePwa.WebObjects.ExternalDevices.IddServiceStateArgs" ThreadingModel="both" />
        <ActivatableClass ActivatableClassId="WebphonePwa.WebObjects.ExternalDevices.CursorEventsDelegator" ThreadingModel="both" />
        <ActivatableClass ActivatableClassId="WebphonePwa.WebObjects.PushNotifListener" ThreadingModel="both" />
        <ActivatableClass ActivatableClassId="WebphonePwa.WebObjects.NavigationCompletedNotifier" ThreadingModel="both" />
        <ActivatableClass ActivatableClassId="WebphonePwa.WebObjects.DummyToastCreator" ThreadingModel="both" />
        <ActivatableClass ActivatableClassId="WebphonePwa.WebObjects.DataStructures.ObjectDictionaryFactory" ThreadingModel="both" />
        <ActivatableClass ActivatableClassId="WebphonePwa.WebObjects.VersionProvider" ThreadingModel="both" />
        <ActivatableClass ActivatableClassId="WebphonePwa.WebObjects.MSStoreActions" ThreadingModel="both" />
        <ActivatableClass ActivatableClassId="WebphonePwa.WebObjects.NotificationCountUpdater" ThreadingModel="both" />
        <ActivatableClass ActivatableClassId="WebphonePwa.WebObjects.WebRtc.RTCIceServerWA" ThreadingModel="both" />
        <ActivatableClass ActivatableClassId="WebphonePwa.WebObjects.WebRtc.MediaStream" ThreadingModel="both" />
        <ActivatableClass ActivatableClassId="WebphonePwa.WebObjects.WebRtc.RTCVideoTrackWA" ThreadingModel="both" />
        <ActivatableClass ActivatableClassId="WebphonePwa.WebObjects.WebRtc.RTCPeerConnectionWA" ThreadingModel="both" />
        <ActivatableClass ActivatableClassId="WebphonePwa.WebObjects.WebRtc.RTCSessionDescriptionWA" ThreadingModel="both" />
        <ActivatableClass ActivatableClassId="WebphonePwa.WebObjects.WebRtc.RTCIceCandidateStatsWA" ThreadingModel="both" />
        <ActivatableClass ActivatableClassId="WebphonePwa.WebObjects.WebRtc.RTCDataChannelWA" ThreadingModel="both" />
        <ActivatableClass ActivatableClassId="WebphonePwa.WebObjects.WebRtc.RTCTransportStatsWA" ThreadingModel="both" />
        <ActivatableClass ActivatableClassId="WebphonePwa.WebObjects.WebRtc.RTCIceCandidateWA" ThreadingModel="both" />
        <ActivatableClass ActivatableClassId="WebphonePwa.WebObjects.WebRtc.RTCIceCandidatePairStatsWA" ThreadingModel="both" />
        <ActivatableClass ActivatableClassId="WebphonePwa.WebObjects.LocaleProvider" ThreadingModel="both" />
        <ActivatableClass ActivatableClassId="WebphonePwa.WebObjects.Internal.EasterEggs" ThreadingModel="both" />
        <ActivatableClass ActivatableClassId="WebphonePwa.WebObjects.ETWDispatcher" ThreadingModel="both" />
        <ActivatableClass ActivatableClassId="WebphonePwa.WebObjects.InitArgument" ThreadingModel="both" />
        <ActivatableClass ActivatableClassId="WebphonePwa.WebObjects.UrlLauncher" ThreadingModel="both" />
        <ActivatableClass ActivatableClassId="WebphonePwa.WebObjects.HostNameProvider" ThreadingModel="both" />
        <ActivatableClass ActivatableClassId="WebphonePwa.WebObjects.InitArgsProvider" ThreadingModel="both" />
        <ActivatableClass ActivatableClassId="WebphonePwa.WebObjects.LocalStorage.LocalStorageOverSettings" ThreadingModel="both" />
        <ActivatableClass ActivatableClassId="WebphonePwa.WebObjects.LocalStorage.LocalStorageOverJson" ThreadingModel="both" />
        <ActivatableClass ActivatableClassId="WebphonePwa.WebObjects.ToastData" ThreadingModel="both" />
        <ActivatableClass ActivatableClassId="WebphonePwa.WebObjects.EnergySaverListener" ThreadingModel="both" />
        <ActivatableClass ActivatableClassId="WebphonePwa.WebObjects.StringDictionary" ThreadingModel="both" />
        <ActivatableClass ActivatableClassId="WebphonePwa.WebObjects.EmojiSelectorProvider" ThreadingModel="both" />
        <ActivatableClass ActivatableClassId="WebphonePwa.WebObjects.ErrorReportingController" ThreadingModel="both" />
        <ActivatableClass ActivatableClassId="WebphonePwa.WebObjects.SystemInformation.CPUInformationWA" ThreadingModel="both" />
        <ActivatableClass ActivatableClassId="WebphonePwa.WebObjects.SystemInformation.HardwareInformationWA" ThreadingModel="both" />
        <ActivatableClass ActivatableClassId="WebphonePwa.WebObjects.SystemInformation.SystemInformationDataWA" ThreadingModel="both" />
        <ActivatableClass ActivatableClassId="WebphonePwa.WebObjects.SystemInformation.SystemInformationSource" ThreadingModel="both" />
        <ActivatableClass ActivatableClassId="WebphonePwa.WebObjects.SystemInformation.WindowsVersionInformationWA" ThreadingModel="both" />
        <ActivatableClass ActivatableClassId="WebphonePwa.WebObjects.Disk.ContainerFilePicker" ThreadingModel="both" />
        <ActivatableClass ActivatableClassId="WebphonePwa.WebObjects.Disk.StorageFolderWrapper" ThreadingModel="both" />
        <ActivatableClass ActivatableClassId="WebphonePwa.WebObjects.Disk.PersistentSettingsStorage" ThreadingModel="both" />
        <ActivatableClass ActivatableClassId="WebphonePwa.WebObjects.Disk.VideoMediaStream" ThreadingModel="both" />
        <ActivatableClass ActivatableClassId="WebphonePwa.WebObjects.Disk.StreamedStorageItemWrapper" ThreadingModel="both" />
        <ActivatableClass ActivatableClassId="WebphonePwa.WebObjects.Disk.UserSelectedDownloadsFolderPathProvider" ThreadingModel="both" />
        <ActivatableClass ActivatableClassId="WebphonePwa.WebObjects.Disk.FileProperties" ThreadingModel="both" />
        <ActivatableClass ActivatableClassId="WebphonePwa.WebObjects.Disk.FilesFutureAccessListManager" ThreadingModel="both" />
        <ActivatableClass ActivatableClassId="WebphonePwa.WebObjects.Disk.ShareStorageAccessWrapper" ThreadingModel="both" />
        <ActivatableClass ActivatableClassId="WebphonePwa.WebObjects.Disk.FilesZipper" ThreadingModel="both" />
        <ActivatableClass ActivatableClassId="WebphonePwa.WebObjects.Disk.LocalCacheFilesProvider" ThreadingModel="both" />
        <ActivatableClass ActivatableClassId="WebphonePwa.WebObjects.Disk.StorageItemWrapper" ThreadingModel="both" />
        <ActivatableClass ActivatableClassId="WebphonePwa.WebObjects.Disk.StorageFileMediaDimensions" ThreadingModel="both" />
        <ActivatableClass ActivatableClassId="WebphonePwa.WebObjects.ObjectDictionary" ThreadingModel="both" />
        <ActivatableClass ActivatableClassId="WebphonePwa.WebObjects.ResourceProvider" ThreadingModel="both" />
        <ActivatableClass ActivatableClassId="WebphonePwa.WebObjects.App.AppBlockedStateProvider" ThreadingModel="both" />
        <ActivatableClass ActivatableClassId="WebphonePwa.WebObjects.App.AppPropertiesProvider" ThreadingModel="both" />
        <ActivatableClass ActivatableClassId="WebphonePwa.WebObjects.App.AppThemeManager" ThreadingModel="both" />
        <ActivatableClass ActivatableClassId="WebphonePwa.WebObjects.App.AppSuspendHandler" ThreadingModel="both" />
        <ActivatableClass ActivatableClassId="WebphonePwa.WebObjects.App.AppExitHandler" ThreadingModel="both" />
        <ActivatableClass ActivatableClassId="WebphonePwa.WebObjects.App.AppController" ThreadingModel="both" />
        <ActivatableClass ActivatableClassId="WebphonePwa.BackgroundConsts" ThreadingModel="both" />
        <ActivatableClass ActivatableClassId="WebphonePwa.DiskIoOperations" ThreadingModel="both" />
        <ActivatableClass ActivatableClassId="WebphonePwa.FileOutputStream" ThreadingModel="both" />
        <ActivatableClass ActivatableClassId="WebphonePwa.PushSubscriptionJSON" ThreadingModel="both" />
        <ActivatableClass ActivatableClassId="WebphonePwa.WebviewNavigator" ThreadingModel="both" />
        <ActivatableClass ActivatableClassId="WebphonePwa.WebRTCObjectFactory" ThreadingModel="both" />
        <ActivatableClass ActivatableClassId="WebphonePwa.PushChannel" ThreadingModel="both" />
        <ActivatableClass ActivatableClassId="WebphonePwa.PushManagerFactory" ThreadingModel="both" />
        <ActivatableClass ActivatableClassId="WebphonePwa.DiskUtils" ThreadingModel="both" />
        <ActivatableClass ActivatableClassId="WebphonePwa.PushSubscriptionKeysJSON" ThreadingModel="both" />
        <ActivatableClass ActivatableClassId="WebphonePwa.DiskIoOperationsFactory" ThreadingModel="both" />
        <ActivatableClass ActivatableClassId="ObexWrapper.UwpObexClient" ThreadingModel="both" />
        <ActivatableClass ActivatableClassId="ObexWrapper.UwpBinarySequenceObexHeader" ThreadingModel="both" />
        <ActivatableClass ActivatableClassId="ObexWrapper.BackgroundTasks.SdpAdvertiseTask" ThreadingModel="both" />
        <ActivatableClass ActivatableClassId="ObexWrapper.UwpObexRequest" ThreadingModel="both" />
        <ActivatableClass ActivatableClassId="ObexWrapper.UwpObexResponse" ThreadingModel="both" />
        <ActivatableClass ActivatableClassId="ObexWrapper.UwpObexServer" ThreadingModel="both" />
        <ActivatableClass ActivatableClassId="ObexWrapper.UwpByteObexHeader" ThreadingModel="both" />
        <ActivatableClass ActivatableClassId="ObexWrapper.UwpIntegerObexHeader" ThreadingModel="both" />
        <ActivatableClass ActivatableClassId="ObexWrapper.UwpClientServicePublish" ThreadingModel="both" />
      </InProcessServer>
    </Extension>
    <Extension Category="windows.activatableClass.inProcessServer">
      <InProcessServer>
        <Path>Microsoft.WinRTC.WebRtcWrapper.dll</Path>
        <ActivatableClass ActivatableClassId="Microsoft.WinRTC.WebRtcWrapper.webrtc.DataChannelInit" ThreadingModel="both" />
        <ActivatableClass ActivatableClassId="Microsoft.WinRTC.WebRtcWrapper.webrtc.PeerConnectionObserver" ThreadingModel="both" />
        <ActivatableClass ActivatableClassId="Microsoft.WinRTC.WebRtcWrapper.webrtc.VideoFrame.Builder" ThreadingModel="both" />
        <ActivatableClass ActivatableClassId="Microsoft.WinRTC.WebRtcWrapper.webrtc.VideoFrame.VideoFrame" ThreadingModel="both" />
        <ActivatableClass ActivatableClassId="Microsoft.WinRTC.WebRtcWrapper.webrtc.PeerConnectionFactory" ThreadingModel="both" />
        <ActivatableClass ActivatableClassId="Microsoft.WinRTC.WebRtcWrapper.webrtc.CreateSessionDescriptionObserver" ThreadingModel="both" />
        <ActivatableClass ActivatableClassId="Microsoft.WinRTC.WebRtcWrapper.webrtc.DataBuffer" ThreadingModel="both" />
        <ActivatableClass ActivatableClassId="Microsoft.WinRTC.WebRtcWrapper.webrtc.PeerConnection.RTCConfiguration" ThreadingModel="both" />
        <ActivatableClass ActivatableClassId="Microsoft.WinRTC.WebRtcWrapper.webrtc.PeerConnection.IceServer" ThreadingModel="both" />
        <ActivatableClass ActivatableClassId="Microsoft.WinRTC.WebRtcWrapper.webrtc.PeerConnection.RTCOfferAnswerOptions" ThreadingModel="both" />
        <ActivatableClass ActivatableClassId="Microsoft.WinRTC.WebRtcWrapper.webrtc.PeerConnection.IceCandidatePairStats" ThreadingModel="both" />
        <ActivatableClass ActivatableClassId="Microsoft.WinRTC.WebRtcWrapper.webrtc.PeerConnection.IceCandidateStats" ThreadingModel="both" />
        <ActivatableClass ActivatableClassId="Microsoft.WinRTC.WebRtcWrapper.webrtc.PeerConnection.TransportStats" ThreadingModel="both" />
        <ActivatableClass ActivatableClassId="Microsoft.WinRTC.WebRtcWrapper.webrtc.VideoCaptureCapability" ThreadingModel="both" />
        <ActivatableClass ActivatableClassId="Microsoft.WinRTC.WebRtcWrapper.webrtc.VideoSink_VideoFrame" ThreadingModel="both" />
        <ActivatableClass ActivatableClassId="Microsoft.WinRTC.WebRtcWrapper.webrtc.MediaStreamTrack" ThreadingModel="both" />
        <ActivatableClass ActivatableClassId="Microsoft.WinRTC.WebRtcWrapper.webrtc.PeerConnectionDependencies" ThreadingModel="both" />
        <ActivatableClass ActivatableClassId="Microsoft.WinRTC.WebRtcWrapper.webrtc.VideoTrackSource" ThreadingModel="both" />
        <ActivatableClass ActivatableClassId="Microsoft.WinRTC.WebRtcWrapper.webrtc.SetSessionDescriptionObserver" ThreadingModel="both" />
        <ActivatableClass ActivatableClassId="Microsoft.WinRTC.WebRtcWrapper.webrtc.DataChannelObserver" ThreadingModel="both" />
        <ActivatableClass ActivatableClassId="Microsoft.WinRTC.WebRtcWrapper.webrtc.VideoCaptureFactory" ThreadingModel="both" />
        <ActivatableClass ActivatableClassId="Microsoft.WinRTC.WebRtcWrapper.webrtc.SessionDescription" ThreadingModel="both" />
        <ActivatableClass ActivatableClassId="Microsoft.WinRTC.WebRtcWrapper.webrtc.WebRTC" ThreadingModel="both" />
        <ActivatableClass ActivatableClassId="Microsoft.WinRTC.WebRtcWrapper.cricket.AudioOptions" ThreadingModel="both" />
        <ActivatableClass ActivatableClassId="Microsoft.WinRTC.WebRtcWrapper.rtc.RTC" ThreadingModel="both" />
        <ActivatableClass ActivatableClassId="Microsoft.WinRTC.WebRtcWrapper.rtc.LogSink" ThreadingModel="both" />
        <ActivatableClass ActivatableClassId="Microsoft.WinRTC.WebRtcWrapper.rtc.LogMessage" ThreadingModel="both" />
        <ActivatableClass ActivatableClassId="Microsoft.WinRTC.WebRtcWrapper.rtc.VideoSinkWants" ThreadingModel="both" />
        <ActivatableClass ActivatableClassId="Microsoft.WinRTC.WebRtcWrapper.rtc.Thread" ThreadingModel="both" />
      </InProcessServer>
    </Extension>
  </Extensions>
  <build:Metadata>
    <build:Item Name="TargetFrameworkMoniker" Value=".NETFramework,Version=v4.5.1" />
    <build:Item Name="VisualStudio" Version="17.0" />
    <build:Item Name="OperatingSystem" Version="10.0.22000.1 (WinBuild.160101.0800)" />
    <build:Item Name="Microsoft.Build.AppxPackage.dll" Version="17.4.33122.133" />
    <build:Item Name="ProjectGUID" Value="03e89c4d-9949-466f-8276-9a4cf85268c5" />
    <build:Item Name="ilc.exe" Version="2.2.31116.00 built by: PROJECTNREL" />
    <build:Item Name="Microsoft.Windows.UI.Xaml.Build.Tasks.dll" Version="0.0.0.0" />
    <build:Item Name="OptimizingToolset" Value="ilc.exe" />
    <build:Item Name="UseDotNetNativeSharedAssemblyFrameworkPackage" Value="True" />
    <build:Item Name="DisableStackTraceMetadata" Value="false" />
    <build:Item Name="DisableExceptionMessages" Value="false" />
    <build:Item Name="ShortcutGenericAnalysis" Value="false" />
    <build:Item Name="GeneratePGD" Value="false" />
    <build:Item Name="ConsumePGD" Value="false" />
    <build:Item Name="SingleThreadNUTC" Value="false" />
    <build:Item Name="Use64BitCompiler" Value="false" />
    <build:Item Name="OptimizeForSize" Value="false" />
    <build:Item Name="AlignMethodsAtMinimalBoundaries" Value="false" />
    <build:Item Name="LargeAddressAware" Value="false" />
    <build:Item Name="NoLinkerSymbols" Value="false" />
    <build:Item Name="OutOfProcPDB" Value="false" />
    <build:Item Name="WindowsDesktop" Version="10.0.22000.0" />
    <build:Item Name="MakePri.exe" Version="10.0.22621.755 (WinBuild.160101.0800)" />
    <build:Item Name="Microsoft.Build.DesktopBridge.Tasks.dll" Version="17.4.33118.351" />
  </build:Metadata>
</Package>