﻿<?xml version="1.0" encoding="utf-8"?>
<Roots >
  <Roots.RootTypes>
    <RootType FullName="Windows.UI.Xaml.Application" />
    <RootType FullName="Windows.UI.Xaml.Controls.Page">
      <RootProperty Name="Content" />
      <RootProperty Name="Background" />
    </RootType>
    <RootType FullName="Windows.UI.Xaml.Controls.Grid">
      <RootProperty Name="Name" />
      <RootProperty Name="Children" />
      <RootProperty Name="RowDefinitions" />
      <RootProperty Name="Background" />
      <RootProperty Name="Visibility" />
      <RootProperty Name="Margin" />
      <RootProperty Name="VerticalAlignment" />
      <RootMethod Name="GetRow" />
      <RootMethod Name="SetRow" />
    </RootType>
    <RootType FullName="Windows.UI.Xaml.Controls.StackPanel">
      <RootProperty Name="Name" />
      <RootProperty Name="AllowDrop" />
      <RootProperty Name="Background" />
      <RootProperty Name="Visibility" />
      <RootProperty Name="IsHitTestVisible" />
      <RootProperty Name="CanDrag" />
      <RootProperty Name="HorizontalAlignment" />
      <RootProperty Name="VerticalAlignment" />
    </RootType>
    <RootType FullName="Windows.UI.Xaml.Controls.RowDefinition">
      <RootProperty Name="Height" />
    </RootType>
    <RootType FullName="Windows.UI.Xaml.Controls.WebView">
      <RootProperty Name="Name" />
    </RootType>
    <RootType FullName="Windows.UI.Xaml.Controls.Border">
      <RootProperty Name="Name" />
      <RootProperty Name="BorderBrush" />
      <RootProperty Name="BorderThickness" />
      <RootProperty Name="Margin" />
      <RootProperty Name="Padding" />
      <RootProperty Name="Visibility" />
      <RootProperty Name="Child" />
    </RootType>
    <RootType FullName="Windows.UI.Xaml.Controls.TextBlock">
      <RootProperty Name="TextWrapping" />
      <RootProperty Name="Foreground" />
      <RootProperty Name="FontWeight" />
      <RootProperty Name="Name" />
      <RootProperty Name="VerticalAlignment" />
      <RootProperty Name="HorizontalAlignment" />
    </RootType>
    <RootType FullName="BluePhoneUniversalClient.Pages.Pwa.WebviewHost" />
    <RootType FullName="Windows.UI.Xaml.Media.ImageBrush">
      <RootProperty Name="Stretch" />
      <RootProperty Name="ImageSource" />
    </RootType>
    <RootType FullName="Windows.UI.Xaml.Controls.Image">
      <RootProperty Name="Source" />
      <RootProperty Name="Height" />
      <RootProperty Name="Width" />
      <RootProperty Name="VerticalAlignment" />
      <RootProperty Name="Margin" />
    </RootType>
    <RootType FullName="WebPhoneUniversalClient.Resources.FileContextSharePage" />
    <RootType FullName="Microsoft.Xaml.DirectUI.ProxyTypes.ThemeResourceExtension" />
    <RootType FullName="WebPhoneUniversalClient.Resources.GenericLoadingPage" />
    <RootType FullName="Windows.UI.Xaml.Controls.Canvas">
      <RootProperty Name="Children" />
    </RootType>
    <RootType FullName="WebPhoneUniversalClient.Resources.LoadingPageLisbon" />
  </Roots.RootTypes>
</Roots>
